-- MySQL dump 10.13  Distrib 8.0.29, for Win64 (x86_64)
--
-- Host: 127.0.0.1    Database: bdvacunatorio
-- ------------------------------------------------------
-- Server version	8.0.29

/*!40101 SET @OLD_CHARACTER_SET_CLIENT=@@CHARACTER_SET_CLIENT */;
/*!40101 SET @OLD_CHARACTER_SET_RESULTS=@@CHARACTER_SET_RESULTS */;
/*!40101 SET @OLD_COLLATION_CONNECTION=@@COLLATION_CONNECTION */;
/*!50503 SET NAMES utf8 */;
/*!40103 SET @OLD_TIME_ZONE=@@TIME_ZONE */;
/*!40103 SET TIME_ZONE='+00:00' */;
/*!40014 SET @OLD_UNIQUE_CHECKS=@@UNIQUE_CHECKS, UNIQUE_CHECKS=0 */;
/*!40014 SET @OLD_FOREIGN_KEY_CHECKS=@@FOREIGN_KEY_CHECKS, FOREIGN_KEY_CHECKS=0 */;
/*!40101 SET @OLD_SQL_MODE=@@SQL_MODE, SQL_MODE='NO_AUTO_VALUE_ON_ZERO' */;
/*!40111 SET @OLD_SQL_NOTES=@@SQL_NOTES, SQL_NOTES=0 */;

--
-- Table structure for table `laboratorios`
--

DROP TABLE IF EXISTS `laboratorios`;
/*!40101 SET @saved_cs_client     = @@character_set_client */;
/*!50503 SET character_set_client = utf8mb4 */;
CREATE TABLE `laboratorios` (
  `id` int NOT NULL AUTO_INCREMENT,
  `id_vacuna` int NOT NULL,
  `nombre` varchar(100) DEFAULT NULL,
  PRIMARY KEY (`id`)
) ENGINE=InnoDB DEFAULT CHARSET=utf8mb4 COLLATE=utf8mb4_0900_ai_ci;
/*!40101 SET character_set_client = @saved_cs_client */;

--
-- Dumping data for table `laboratorios`
--

LOCK TABLES `laboratorios` WRITE;
/*!40000 ALTER TABLE `laboratorios` DISABLE KEYS */;
/*!40000 ALTER TABLE `laboratorios` ENABLE KEYS */;
UNLOCK TABLES;

--
-- Table structure for table `turnos`
--

DROP TABLE IF EXISTS `turnos`;
/*!40101 SET @saved_cs_client     = @@character_set_client */;
/*!50503 SET character_set_client = utf8mb4 */;
CREATE TABLE `turnos` (
  `id` int NOT NULL AUTO_INCREMENT,
  `id_usuario` int NOT NULL,
  `fecha_solicitud` date DEFAULT NULL,
  `fecha_turno` date DEFAULT NULL,
  `sede` varchar(50) DEFAULT NULL,
  `vacuna` varchar(50) NOT NULL,
  `numero_dosis` int DEFAULT NULL,
  `estado` int NOT NULL,
  `notificado` tinyint DEFAULT NULL,
  `asistio` tinyint DEFAULT NULL,
  `laboratorio` varchar(50) DEFAULT NULL,
  `lote` varchar(45) DEFAULT NULL,
  PRIMARY KEY (`id`)
) ENGINE=InnoDB AUTO_INCREMENT=155 DEFAULT CHARSET=utf8mb3;
/*!40101 SET character_set_client = @saved_cs_client */;

--
-- Dumping data for table `turnos`
--

LOCK TABLES `turnos` WRITE;
/*!40000 ALTER TABLE `turnos` DISABLE KEYS */;
INSERT INTO `turnos` VALUES (139,124,'2022-06-03','2022-06-06','Cementerio','Gripe',NULL,2,NULL,1,'Richmond','1222aaaa'),(140,125,'2022-06-03','2022-06-06','Cementerio','Fiebre amarilla',NULL,0,1,1,'Bag贸','3465'),(141,126,'2022-06-03','2022-06-06','Cementerio','Covid',2,0,1,0,'Sputnik','3465546'),(142,127,'2022-06-03','2022-06-06','Cementerio','Varicela',NULL,5,NULL,0,'Bag贸','546'),(143,137,'2022-06-03','2022-06-06','Cementerio','Covid',1,5,NULL,0,'',''),(144,138,'2022-06-15','2022-06-16','Cementerio','Covid',1,2,NULL,1,'Sinopharm','221322'),(145,138,'2022-06-15','2022-06-16','Cementerio','Covid',2,2,NULL,1,'Sinopharm','156555'),(148,140,'2022-06-15','2022-06-16','Cementerio','Covid',2,5,NULL,0,'',''),(149,140,'2022-06-15','2022-06-16','Cementerio','Gripe',0,2,NULL,1,'Bag贸','8777'),(150,138,'2022-06-15','2022-06-16','Cementerio','Gripe',1,2,NULL,1,'Bag贸','122222'),(151,141,'2022-06-15','2022-06-16','Cementerio','Fiebre amarilla',1,0,1,0,'',''),(152,142,'2022-06-17','2022-06-24','Cementerio','Gripe',1,0,0,0,'',''),(153,142,'2022-06-17','2022-06-24','Cementerio','Covid',1,0,0,0,'',''),(154,142,'2022-06-17','2022-06-24','Cementerio','Fiebre amarilla',1,3,0,0,'','');
/*!40000 ALTER TABLE `turnos` ENABLE KEYS */;
UNLOCK TABLES;

--
-- Table structure for table `usuarios`
--

DROP TABLE IF EXISTS `usuarios`;
/*!40101 SET @saved_cs_client     = @@character_set_client */;
/*!50503 SET character_set_client = utf8mb4 */;
CREATE TABLE `usuarios` (
  `id` int NOT NULL AUTO_INCREMENT,
  `usuario` varchar(100) DEFAULT NULL,
  `nombre` varchar(100) DEFAULT NULL,
  `apellido` varchar(100) DEFAULT NULL,
  `telefono` varchar(100) DEFAULT NULL,
  `nacimiento` date DEFAULT NULL,
  `primera_dosis` tinyint(1) DEFAULT NULL,
  `fecha_primera_dosis` date DEFAULT NULL,
  `fecha_ultima_gripe` date DEFAULT NULL,
  `fecha_ultima_covid` date DEFAULT NULL,
  `paciente_riesgo` tinyint(1) DEFAULT NULL,
  `fiebre_amarilla` tinyint(1) DEFAULT NULL,
  `password` varchar(100) DEFAULT NULL,
  `email` varchar(100) DEFAULT NULL,
  `dni` varchar(100) DEFAULT NULL,
  `sede_preferida` varchar(100) DEFAULT NULL,
  `sede` varchar(100) DEFAULT NULL,
  `tipo` int NOT NULL,
  PRIMARY KEY (`id`)
) ENGINE=InnoDB AUTO_INCREMENT=143 DEFAULT CHARSET=utf8mb3;
/*!40101 SET character_set_client = @saved_cs_client */;

--
-- Dumping data for table `usuarios`
--

LOCK TABLES `usuarios` WRITE;
/*!40000 ALTER TABLE `usuarios` DISABLE KEYS */;
INSERT INTO `usuarios` VALUES (56,'admin','',NULL,NULL,NULL,NULL,NULL,NULL,NULL,NULL,NULL,'admin',NULL,'12345678',NULL,NULL,1),(90,NULL,'Pedro','Gonzalez','22132111',NULL,NULL,NULL,NULL,NULL,NULL,NULL,'3211','pedro@gmail.com','22222221',NULL,'Terminal',2),(123,NULL,'Horacio','Gomez','2213211','1990-06-10',0,NULL,NULL,NULL,0,0,'3211','horacio@gmail.com','55555555','Municipal','0',3),(124,NULL,'Cristian','Pantaleone','22132111','1951-07-10',1,NULL,'2022-06-04',NULL,0,0,'3211','cristian@gmail.com','66666666','Municipal','0',3),(125,NULL,'Bruno','Zuculini','22513211','2001-09-10',0,NULL,NULL,NULL,0,1,'3211','sdlbsso@gmail.com.ar','77777777','Municipal','0',3),(126,NULL,'Pity','Martinez','2215636555','1999-02-11',0,NULL,'2022-01-22',NULL,0,0,'3211','pity@gmail.com','88888888','Municipal','0',3),(127,NULL,'Juan','Fernando','22165454','2000-02-11',0,NULL,NULL,NULL,0,1,'3211','juanfer@gmail.com','99999999','Municipal','0',3),(128,NULL,'Paulo','Ferrari','22132111','1995-05-10',0,NULL,NULL,NULL,0,0,'3211','paulo@gmail.com','10000000','Cementerio','0',3),(129,NULL,'Raul','Peralta','22165444','1950-10-11',0,'2021-05-10','2022-06-02','2022-05-21',0,0,'3211','rauli@gmail.com','27154011','Cementerio','0',3),(130,NULL,'sergio','De Luca','22132111','1979-01-11',0,'2022-06-02','2022-06-02','2022-06-02',0,1,'3211','sdlbsso@gmail.net','11111111','Cementerio','0',3),(131,NULL,'Federico','Chattas','221321111','1940-02-10',0,'2022-06-02','2022-06-02',NULL,0,0,'3211','pepe@gmail.com','11111112','Terminal','0',3),(132,NULL,'Gustavo','Olave','22132111','1950-05-14',1,NULL,NULL,NULL,0,0,'3211','francis@gmail.com','1111113','Terminal','0',3),(133,NULL,'Fernando','Delarua','22132111','1990-02-10',0,NULL,NULL,NULL,1,0,'3211','pipi@gmail.com','11111114','Terminal','0',3),(134,NULL,'federico','martin','22132111','1950-02-10',0,'2021-02-11',NULL,NULL,0,0,'3211','sdlbssoo@gmail.com','11111199','Terminal','0',3),(135,NULL,'Pablo','almada','2213211188','2001-02-10',1,NULL,NULL,NULL,0,0,'3212','sergio@mail.com','11111113','Terminal','0',3),(136,NULL,'PEDRO','ALARCON','22132111',NULL,NULL,NULL,NULL,NULL,NULL,NULL,'3211','pepeala@gmail.com','22222222',NULL,'Municipal',2),(137,NULL,'paolo','guerrero','2213211','1990-02-11',0,'2022-06-03','2022-06-03','2022-06-03',0,1,'3211','paolo@gmail.com','12312312','Municipal','0',3),(138,NULL,'mauricio','pipo','2132111','2000-05-11',0,'2022-06-15','2022-06-15','2022-06-15',0,0,'3211','mau@hotm.com','11223344','Municipal','0',3),(140,NULL,'manolo','galvan','22132111','1940-02-11',0,NULL,'2022-06-15',NULL,0,0,'3211','manolo@mail.com.ar','11223345','Municipal','0',3),(141,NULL,'parco','lorca','22132111','1990-01-11',0,NULL,NULL,NULL,0,0,'3211','parco@gmail.com','95465444','Municipal','0',3),(142,NULL,'sergio','de luca','22132111','1980-02-11',0,NULL,NULL,NULL,0,0,'3211','sdlbsso@gmail.com','27154012','Municipal','0',3);
/*!40000 ALTER TABLE `usuarios` ENABLE KEYS */;
UNLOCK TABLES;

--
-- Table structure for table `vacunas`
--

DROP TABLE IF EXISTS `vacunas`;
/*!40101 SET @saved_cs_client     = @@character_set_client */;
/*!50503 SET character_set_client = utf8mb4 */;
CREATE TABLE `vacunas` (
  `id` int NOT NULL AUTO_INCREMENT,
  `nombre` varchar(100) NOT NULL,
  PRIMARY KEY (`id`)
) ENGINE=InnoDB AUTO_INCREMENT=12 DEFAULT CHARSET=utf8mb3;
/*!40101 SET character_set_client = @saved_cs_client */;

--
-- Dumping data for table `vacunas`
--

LOCK TABLES `vacunas` WRITE;
/*!40000 ALTER TABLE `vacunas` DISABLE KEYS */;
INSERT INTO `vacunas` VALUES (5,'Gripe'),(6,'Fiebre amarilla'),(9,'Covid');
/*!40000 ALTER TABLE `vacunas` ENABLE KEYS */;
UNLOCK TABLES;
/*!40103 SET TIME_ZONE=@OLD_TIME_ZONE */;

/*!40101 SET SQL_MODE=@OLD_SQL_MODE */;
/*!40014 SET FOREIGN_KEY_CHECKS=@OLD_FOREIGN_KEY_CHECKS */;
/*!40014 SET UNIQUE_CHECKS=@OLD_UNIQUE_CHECKS */;
/*!40101 SET CHARACTER_SET_CLIENT=@OLD_CHARACTER_SET_CLIENT */;
/*!40101 SET CHARACTER_SET_RESULTS=@OLD_CHARACTER_SET_RESULTS */;
/*!40101 SET COLLATION_CONNECTION=@OLD_COLLATION_CONNECTION */;
/*!40111 SET SQL_NOTES=@OLD_SQL_NOTES */;

-- Dump completed on 2022-06-23  9:09:37
